"id","menu_id"
143,12469
144,12469
153,12473
154,12473
155,12474
156,12474
157,12474
158,12474
159,12474
160,12474
161,12474
162,12474
163,12474
164,12474
165,12474
166,12474
167,12475
168,12475
187,12483
188,12483
247,12498
248,12498
262,12505
263,12505
264,12506
265,12506
266,12506
267,12506
268,12507
269,12507
276,12511
277,12511
278,12511
279,12511
280,12511
281,12511
282,12511
283,12511
284,12511
285,12511
286,12511
287,12511
308,12518
309,12518
310,12518
311,12518
351,12529
352,12529
353,12529
354,12529
407,12546
408,12546
409,12546
410,12546
435,12555
436,12555
453,12560
454,12560
455,12560
456,12560
465,12564
466,12564
467,12564
468,12564
469,12564
470,12564
477,12567
478,12567
479,12568
480,12568
496,12575
497,12575
909,12704
910,12704
911,12704
912,12704
913,12705
914,12705
953,12722
954,12722
959,12724
960,12724
961,12724
962,12724
998,12736
999,12736
1000,12737
1001,12737
1002,12737
1003,12737
1028,12747
1029,12747
1052,12754
1053,12754
1054,12754
1055,12754
1056,12755
1057,12755
1058,12755
1059,12755
1106,12774
1107,12774
1122,12781
1123,12781
1124,12781
1125,12781
1126,12782
1127,12782
1128,12782
1129,12782
1130,12783
1131,12783
1132,12783
1133,12783
1134,12784
1135,12784
1136,12784
1137,12784
1146,12789
1147,12789
1148,12789
1149,12789
1160,12792
1161,12792
1172,12798
1173,12798
1174,12798
1175,12798
1176,12799
1177,12799
1188,12803
1189,12803
1190,12804
1191,12804
1192,12805
1193,12805
1194,12806
1195,12806
1196,12807
1197,12807
1198,12808
1199,12808
1200,12808
1201,12808
1218,12815
1219,12815
1220,12815
1221,12815
1224,12817
1225,12817
1226,12818
1227,12818
1228,12819
1229,12819
1230,12819
1231,12819
1232,12819
1233,12819
1244,12824
1245,12824
1246,12824
1247,12824
1266,12831
1267,12831
1280,12837
1281,12837
1282,12838
1283,12838
1284,12839
1285,12839
1286,12839
1287,12839
1288,12840
1289,12840
1290,12841
1291,12841
1292,12842
1293,12842
1324,12855
1325,12855
1326,12856
1327,12856
1328,12856
1329,12856
1332,12858
1333,12858
1334,12858
1335,12858
1346,12864
1347,12864
1348,12865
1349,12865
1352,12867
1353,12867
1354,12868
1355,12868
1356,12869
1357,12869
1358,12870
1359,12870
1360,12871
1361,12871
1368,12874
1369,12874
1370,12875
1371,12875
1378,12879
1379,12879
1380,12879
1381,12879
1382,12880
1383,12880
1384,12880
1385,12880
1392,12884
1393,12884
1394,12885
1395,12885
1396,12886
1397,12886
1398,12887
1399,12887
1430,12901
1431,12901
1432,12902
1433,12902
1434,12902
1435,12902
1436,12903
1437,12903
1438,12904
1439,12904
1440,12905
1441,12905
1442,12905
1443,12905
1444,12906
1445,12906
1446,12906
1447,12906
1448,12907
1449,12907
1450,12907
1451,12907
1480,12917
1481,12917
1482,12917
1483,12917
1494,12923
1495,12923
1496,12923
1497,12923
1504,12927
1505,12927
1532,12940
1533,12940
1574,12960
1575,12960
1576,12961
1577,12961
1586,12965
1587,12965
1588,12965
1589,12965
1598,12969
1599,12969
1600,12970
1601,12970
1602,12971
1603,12971
1604,12972
1605,12972
1614,12976
1615,12976
1622,12979
1623,12979
1624,12979
1625,12979
1650,12991
1651,12991
1652,12991
1653,12991
1654,12992
1655,12992
1682,13002
1683,13002
1684,13002
1685,13002
1694,13005
1695,13005
1696,13005
1697,13005
1710,13009
1711,13009
1716,13012
1717,13012
1766,13032
1767,13032
1810,13043
1811,13043
1824,13047
1825,13047
1826,13047
1827,13047
1828,13047
1829,13047
1830,13047
1831,13047
1866,13058
1867,13058
1868,13058
1869,13058
1870,13058
1871,13058
1872,13058
1873,13058
1874,13059
1875,13059
1928,13078
1929,13078
1960,13092
1961,13092
2020,13117
2021,13117
2022,13118
2023,13118
2024,13119
2025,13119
2026,13120
2027,13120
2030,13122
2031,13122
2040,13127
2041,13127
2060,13134
2061,13134
2070,13136
2071,13136
2120,13154
2121,13154
2158,13166
2159,13166
2214,13181
2215,13181
2216,13181
2217,13181
2218,13182
2219,13182
2254,13196
2255,13196
2270,13202
2271,13202
2398,13242
2399,13242
2416,13250
2417,13250
2418,13250
2419,13250
2428,13253
2429,13253
2432,13255
2433,13255
2434,13256
2435,13256
2440,13259
2441,13259
2446,13262
2447,13262
2468,13272
2469,13272
2470,13272
2471,13272
2472,13272
2473,13272
2474,13272
2475,13272
2478,13274
2479,13274
2482,13276
2483,13276
2488,13279
2489,13279
2496,13282
2497,13282
2566,13304
2567,13304
2616,13310
2617,13310
2656,13329
2657,13329
2658,13329
2659,13329
2732,13354
2733,13354
2734,13354
2735,13354
2736,13355
2737,13355
2738,13355
2739,13355
2740,13355
2741,13355
2742,13355
2743,13355
2744,13356
2745,13356
2908,13410
2909,13410
2912,13412
2913,13412
3052,13462
3053,13462
3126,13484
3127,13484
3130,13486
3131,13486
3194,13506
3195,13506
3286,13541
3287,13541
3288,13541
3289,13541
3294,13544
3295,13544
3296,13544
3338,13554
3339,13554
3340,13554
3341,13554
3430,13583
3431,13583
3432,13584
3433,13584
3434,13585
3435,13585
3436,13585
3437,13585
3438,13586
3439,13586
3440,13586
3441,13586
3442,13587
3443,13587
3444,13587
3445,13587
3446,13588
3447,13588
3448,13588
3449,13588
3450,13589
3451,13589
3466,13597
3467,13597
3530,13619
3531,13619
3532,13619
3533,13619
3538,13621
3539,13621
3540,13622
3541,13622
3542,13622
3543,13622
3548,13624
3549,13624
3550,13625
3551,13625
3552,13626
3553,13626
3554,13626
3555,13626
3558,13628
3559,13628
3690,13676
3691,13676
3766,13684
3767,13684
3768,13685
3769,13685
3796,13698
3797,13698
3904,13736
3905,13736
4118,13806
4119,13806
4120,13806
4121,13806
4122,13807
4123,13807
4128,13810
4129,13810
4130,13810
4131,13810
4138,13813
4139,13813
4140,13813
4141,13813
4142,13814
4143,13814
4186,13834
4187,13834
4188,13834
4189,13834
4217,13847
4218,13847
4265,13862
4266,13862
4271,13865
4272,13865
4342,13891
4343,13891
4444,13918
4445,13918
4446,13918
4447,13918
4458,13921
4459,13921
4460,13922
4461,13922
4579,13968
4580,13968
4622,13971
4623,13971
4624,13971
4625,13971
4632,13974
4633,13974
4634,13975
4635,13975
4636,13975
4637,13975
4638,13975
4639,13975
4666,13988
4667,13988
4670,13990
4671,13990
4672,13990
4673,13990
4708,13998
4709,13998
4710,13999
4711,13999
4712,13999
4713,13999
4714,14000
4715,14000
4716,14000
4717,14000
4722,14002
4723,14002
4752,14012
4753,14012
4782,14024
4783,14024
4784,14024
4785,14024
4862,14045
4863,14045
4934,14072
4935,14072
4936,14072
4937,14072
5006,14084
5007,14084
5008,14084
5009,14084
5010,14085
5011,14085
5012,14085
5013,14085
5014,14085
5015,14085
5016,14085
5017,14085
5018,14085
5019,14085
5020,14085
5021,14085
5028,14089
5029,14089
5040,14094
5041,14094
5042,14094
5043,14094
5044,14094
5045,14094
5046,14094
5047,14094
5048,14094
5049,14094
5050,14094
5051,14094
5165,14132
5166,14132
5167,14132
5170,14134
5171,14134
5172,14134
5173,14134
5196,14146
5197,14146
5198,14146
5199,14146
5206,14149
5207,14149
5250,14164
5251,14164
5252,14164
5253,14164
5274,14171
5275,14171
5276,14171
5277,14171
5298,14178
5299,14178
5300,14179
5301,14179
5302,14180
5303,14180
5312,14185
5313,14185
5316,14187
5317,14187
5346,14202
5347,14202
5370,14211
5371,14211
5479,14243
5480,14243
5481,14244
5482,14244
5487,14247
5488,14247
5499,14253
5500,14253
5501,14254
5502,14254
5565,14272
5566,14272
5567,14272
5568,14272
5569,14272
5570,14272
5571,14272
5572,14272
5575,14274
5576,14274
5762,14333
5763,14333
5797,14343
5798,14343
5799,14343
5800,14343
5801,14343
5802,14343
5803,14343
5804,14343
5805,14343
5806,14343
5807,14343
5808,14343
5851,14355
5852,14355
5853,14355
5854,14355
5855,14355
5856,14355
5857,14355
5858,14355
5915,14367
5916,14367
5917,14368
5918,14368
5919,14368
5920,14368
5941,14375
5942,14375
5961,14384
5962,14384
5975,14390
5976,14390
5979,14392
5980,14392
5989,14397
5990,14397
5991,14397
5992,14397
5993,14397
5994,14397
5995,14397
5996,14397
6157,14437
6158,14437
6394,14497
6395,14497
6400,14500
6401,14500
6432,14513
6433,14513
6434,14514
6435,14514
12757,16618
12758,16618
12993,16719
12994,16719
12995,16720
12996,16720
12997,16721
12998,16721
13001,16723
13002,16723
13011,16728
13012,16728
13013,16729
13014,16729
13019,16731
13020,16731
13021,16732
13022,16732
13023,16732
13024,16732
13025,16733
13026,16733
13027,16733
13028,16733
13207,16811
13208,16811
13276,16842
13277,16842
13278,16843
13279,16843
13444,16912
13445,16912
13514,16941
13515,16941
13516,16942
13517,16942
13518,16943
13519,16943
13588,16969
13589,16969
13592,16971
13593,16971
13654,16998
13655,16998
13656,16998
13657,16998
13658,16998
13659,16998
13660,16998
13661,16998
13662,16998
13663,16998
13664,16998
13665,16998
13666,16998
13667,16998
13668,16998
13669,16998
13684,17006
13685,17006
13688,17008
13689,17008
13714,17018
13715,17018
13778,17048
13779,17048
13850,17081
13851,17081
13932,17111
13933,17111
13936,17113
13937,17113
13938,17114
13939,17114
13942,17116
13943,17116
13944,17117
13945,17117
13948,17119
13949,17119
13952,17121
13953,17121
13956,17123
13957,17123
13960,17125
13961,17125
13962,17126
13963,17126
13964,17127
13965,17127
21445,19715
21446,19715
21447,19716
21448,19716
21449,19717
21450,19717
21451,19718
21452,19718
21453,19719
21454,19719
21455,19720
21456,19720
21459,19722
21460,19722
21475,19729
21476,19729
21980,19951
21981,19951
21982,19952
21983,19952
21984,19953
21985,19953
22078,19984
22079,19984
22130,20009
22131,20009
22188,20034
22189,20034
22190,20035
22191,20035
22194,20037
22195,20037
22196,20038
22197,20038
22568,20205
22569,20205
22570,20206
22571,20206
22572,20207
22573,20207
22622,20228
22623,20228
22624,20228
22625,20228
22626,20229
22627,20229
22628,20230
22629,20230
22700,20262
22701,20262
22702,20263
22703,20263
22708,20265
22709,20265
22734,20278
22735,20278
22736,20279
22737,20279
22738,20280
22739,20280
22740,20281
22741,20281
22782,20300
22783,20300
22790,20304
22791,20304
22792,20305
22793,20305
22796,20307
22797,20307
22798,20308
22799,20308
22800,20309
22801,20309
22802,20310
22803,20310
22804,20311
22805,20311
22806,20312
22807,20312
22808,20313
22809,20313
22810,20314
22811,20314
22968,20385
22969,20385
22970,20386
22971,20386
22972,20387
22973,20387
22974,20387
22975,20387
22976,20388
22977,20388
23248,20507
23249,20507
23348,20546
23349,20546
23476,20599
23477,20599
23558,20639
23559,20639
23560,20639
23561,20639
23562,20640
23563,20640
23564,20640
23565,20640
23712,20704
23713,20704
23734,20713
23735,20713
23736,20714
23737,20714
23738,20715
23739,20715
23740,20716
23741,20716
23742,20717
23743,20717
23744,20718
23745,20718
23746,20719
23747,20719
23774,20732
23775,20732
23790,20740
23791,20740
23800,20745
23801,20745
23890,20789
23891,20789
24080,20871
24081,20871
24082,20872
24083,20872
24084,20873
24085,20873
24086,20874
24087,20874
24088,20875
24089,20875
24090,20876
24091,20876
24092,20877
24093,20877
24100,20881
24101,20881
24102,20882
24103,20882
24104,20883
24105,20883
24240,20950
24241,20950
24327,20979
24328,20979
24408,21003
24409,21003
24410,21003
24411,21003
24422,21006
24423,21006
24424,21006
24425,21006
24426,21007
24427,21007
24428,21007
24429,21007
24530,21033
24531,21033
24552,21042
24553,21042
24570,21048
24571,21048
24582,21051
24583,21051
24599,21058
24600,21058
24601,21058
24602,21058
24603,21059
24604,21059
24605,21059
24606,21059
24607,21059
24608,21059
24609,21059
24610,21059
24611,21060
24612,21060
24621,21064
24622,21064
24639,21071
24640,21071
24641,21071
24642,21071
24643,21071
24644,21071
24645,21071
24646,21071
24660,21076
24661,21076
24717,21094
24718,21094
24719,21094
24720,21094
24721,21094
24722,21094
24723,21094
24724,21094
24725,21094
24726,21094
24727,21094
24728,21094
24772,21103
24773,21103
24774,21103
24775,21103
24782,21106
24783,21106
24784,21106
24785,21106
24814,21113
24815,21113
24912,21131
24913,21131
24914,21131
24915,21131
24916,21131
24917,21131
24952,21143
24953,21143
24954,21143
24955,21143
24956,21143
24957,21143
24958,21143
24959,21143
25000,21152
25001,21152
25002,21152
25003,21152
25004,21152
25005,21152
25022,21159
25023,21159
25063,21172
25064,21172
25077,21177
25078,21177
25079,21177
25080,21177
25095,21182
25096,21182
25135,21191
25136,21191
25137,21191
25138,21191
25144,21194
25145,21194
25146,21194
25147,21194
25148,21194
25149,21194
25150,21194
25151,21194
25152,21194
25153,21194
25154,21194
25155,21194
25200,21204
25201,21204
25225,21209
25226,21209
25227,21209
25228,21209
25279,21223
25280,21223
25281,21223
25282,21223
25283,21223
25284,21223
25285,21223
25286,21223
25287,21224
25288,21224
25289,21224
25290,21224
25325,21232
25326,21232
25327,21232
25328,21232
25387,21248
25388,21248
25389,21248
25390,21248
25391,21249
25392,21249
25443,21267
25444,21267
25451,21270
25452,21270
25590,21322
25591,21322
25592,21322
25593,21322
25594,21322
25595,21322
25596,21322
25597,21322
25598,21322
25599,21322
25600,21322
25601,21322
25616,21327
25617,21327
25626,21330
25627,21330
25653,21339
25654,21339
25672,21343
25673,21343
25674,21343
25675,21343
25720,21356
25721,21356
25722,21357
25723,21357
25724,21357
25725,21357
25726,21357
25727,21357
25728,21357
25729,21357
25730,21357
25731,21357
25732,21357
25733,21357
25734,21357
25735,21357
25736,21357
25737,21357
25738,21357
25739,21357
25740,21357
25741,21357
25742,21357
25743,21357
25744,21357
25745,21357
25784,21370
25785,21370
25786,21370
25787,21370
25796,21375
25797,21375
25798,21375
25799,21375
25802,21377
25803,21377
25804,21377
25805,21377
25806,21377
25807,21377
25808,21377
25809,21377
25823,21382
25824,21382
25835,21387
25836,21387
25893,21402
25894,21402
25905,21407
25906,21407
25944,21416
25945,21416
25954,21420
25955,21420
25956,21421
25957,21421
25990,21430
25991,21430
25995,21432
25996,21432
25997,21432
25998,21432
26061,21447
26062,21447
26063,21447
26064,21447
26065,21447
26066,21447
26067,21447
26068,21447
26105,21457
26106,21457
26115,21461
26116,21461
26117,21461
26118,21461
26125,21464
26126,21464
26127,21464
26128,21464
26187,21489
26188,21489
26345,21543
26346,21543
26347,21543
26348,21543
26535,21593
26536,21593
26707,21646
26708,21646
26709,21647
26710,21647
26711,21648
26712,21648
26713,21649
26714,21649
26719,21652
26720,21652
26721,21652
26722,21652
26850,21684
26851,21684
26852,21684
26853,21684
26856,21686
26857,21686
26976,21716
26977,21716
26978,21716
26979,21716
26980,21716
26981,21716
26982,21716
26983,21716
26984,21716
26985,21716
27038,21730
27039,21730
27040,21730
27041,21730
27042,21730
27043,21730
27044,21730
27045,21730
27046,21730
27047,21730
27048,21730
27049,21730
27062,21736
27063,21736
27064,21736
27065,21736
27104,21742
27105,21742
27156,21756
27157,21756
27215,21775
27216,21775
27217,21775
27218,21775
27240,21786
27241,21786
27350,21804
27351,21804
27352,21804
27353,21805
27354,21805
27355,21805
27356,21805
27357,21806
27358,21806
27359,21806
27360,21806
27404,21816
27405,21816
27406,21816
27407,21816
27408,21816
27409,21816
27410,21816
27411,21816
27420,21820
27421,21820
27442,21826
27443,21826
27454,21832
27455,21832
27456,21832
27457,21832
27458,21832
27459,21832
27470,21835
27471,21835
27472,21835
27473,21835
27550,21856
27551,21856
27571,21865
27572,21865
27573,21865
27574,21865
27614,21877
27615,21877
27616,21877
27617,21877
27620,21879
27621,21879
27622,21879
27623,21879
27630,21883
27631,21883
27632,21883
27633,21883
27682,21901
27683,21901
27684,21901
27685,21901
27771,21926
27772,21926
27829,21947
27830,21947
27831,21947
27832,21947
27843,21952
27844,21952
27845,21952
27846,21952
27847,21952
27848,21952
27849,21952
27850,21952
27905,21964
27906,21964
27907,21965
27908,21965
27909,21965
27910,21965
27911,21965
27912,21965
27974,21976
27975,21976
27984,21978
27985,21978
28038,21993
28039,21993
28104,22009
28105,22009
28106,22009
28107,22009
28152,22016
28153,22016
28162,22020
28163,22020
28164,22020
28165,22020
28266,22054
28267,22054
28268,22054
28269,22054
28313,22069
28314,22069
28329,22073
28330,22073
28339,22077
28340,22077
28353,22083
28354,22083
28358,22085
28359,22085
28368,22090
28369,22090
28370,22090
28371,22090
28380,22095
28381,22095
28382,22095
28383,22095
28558,22130
28559,22130
28606,22140
28607,22140
28608,22140
28609,22140
28822,22191
28823,22191
28824,22191
28825,22191
28868,22199
28869,22199
28870,22200
28871,22200
28876,22202
28877,22202
28894,22207
28895,22207
28896,22207
28897,22207
28906,22212
28907,22212
28908,22212
28909,22212
28916,22215
28917,22215
28918,22215
28919,22215
28952,22225
28953,22225
29001,22236
29002,22236
29026,22248
29027,22248
29080,22263
29081,22263
29134,22275
29135,22275
29136,22275
29137,22275
29222,22299
29223,22299
29242,22304
29243,22304
29357,22329
29358,22329
29359,22329
29360,22329
29361,22329
29362,22329
29363,22329
29364,22329
29365,22329
29366,22329
29367,22329
29368,22329
29478,22359
29479,22359
29511,22370
29512,22370
29513,22370
29514,22370
29515,22370
29516,22370
29517,22370
29518,22370
29533,22374
29534,22374
29535,22375
29536,22375
29547,22379
29548,22379
29571,22387
29572,22387
29573,22387
29574,22387
29611,22401
29612,22401
29613,22401
29614,22401
29659,22412
29660,22412
29665,22415
29666,22415
29667,22415
29668,22415
29796,22454
29797,22454
29798,22454
29799,22454
29812,22459
29813,22459
29911,22491
29912,22491
29913,22491
29914,22491
30045,22525
30046,22525
30047,22525
30048,22525
30049,22526
30092,22543
30093,22543
30094,22543
30095,22543
30096,22544
30097,22544
30102,22547
30103,22547
30104,22548
30105,22548
30106,22548
30107,22548
30169,22568
30170,22568
30227,22586
30228,22586
30249,22595
30250,22595
30283,22604
30284,22604
30285,22604
30286,22604
30287,22604
30288,22604
30289,22604
30290,22604
30291,22604
30292,22604
30293,22604
30294,22604
30295,22605
30296,22605
30297,22605
30298,22605
30369,22625
30370,22625
30371,22625
30372,22625
30373,22625
30374,22625
30375,22625
30376,22625
30377,22625
30378,22625
30379,22625
30380,22625
30395,22630
30396,22630
30397,22630
30398,22630
30399,22631
30400,22631
30427,22637
30428,22637
30447,22643
30448,22643
30449,22643
30450,22643
30521,22663
30522,22663
30523,22663
30524,22663
30569,22676
30570,22676
30571,22676
30572,22676
30573,22676
30574,22676
30593,22682
30594,22682
30595,22682
30596,22682
30597,22682
30598,22682
30599,22682
30600,22682
30601,22682
30602,22682
30603,22682
30604,22682
30605,22682
30606,22682
30650,22699
30651,22699
30670,22704
30671,22704
30672,22704
30673,22704
30702,22714
30703,22714
30704,22715
30705,22715
30728,22722
30729,22722
30734,22724
30735,22724
30846,22758
30847,22758
30848,22758
30849,22758
30870,22767
30871,22767
30872,22767
30873,22767
30874,22767
30875,22767
30876,22767
30877,22767
30878,22767
30879,22767
30880,22767
30881,22767
30882,22767
30883,22767
30884,22767
30885,22767
30886,22767
30887,22767
30888,22767
30889,22767
30890,22767
30891,22767
30892,22767
30893,22767
30968,22781
30969,22781
30984,22787
30985,22787
30994,22791
30995,22791
31034,22803
31035,22803
31036,22803
31037,22803
31076,22815
31077,22815
31078,22815
31079,22815
31080,22816
31081,22816
31082,22816
31083,22816
31108,22824
31109,22824
31110,22824
31111,22824
31156,22837
31157,22837
31158,22838
31159,22838
31160,22838
31161,22838
31184,22845
31185,22845
31228,22859
31229,22859
31230,22859
31231,22859
31232,22859
31233,22859
31234,22859
31235,22859
31236,22859
31237,22859
31284,22871
31285,22871
31307,22877
31308,22877
31309,22877
31310,22877
31311,22878
31312,22878
31313,22878
31314,22878
31317,22880
31318,22880
31319,22880
31320,22880
31335,22886
31336,22886
31373,22899
31374,22899
31375,22899
31376,22899
31465,22928
31466,22928
31501,22938
31502,22938
31790,23018
31791,23018
31982,23068
31983,23068
31984,23068
31985,23068
31986,23068
31987,23068
31988,23068
31989,23068
31990,23068
31991,23068
31992,23068
31993,23068
31994,23068
31995,23068
31996,23068
31997,23068
31998,23068
31999,23068
32000,23068
32001,23068
32002,23068
32003,23068
32004,23068
32005,23068
32006,23068
32007,23068
32008,23068
32009,23068
32010,23068
32011,23068
32012,23068
32013,23068
32014,23068
32015,23068
32016,23068
32017,23068
32018,23068
32019,23068
32020,23068
32021,23068
32022,23068
32023,23068
32024,23068
32025,23068
32026,23068
32027,23068
32058,23077
32059,23077
32092,23087
32093,23087
32094,23087
32095,23087
32118,23094
32119,23094
32200,23112
32201,23112
32264,23134
32265,23134
32266,23134
32267,23134
32270,23136
32271,23136
32272,23136
32273,23136
32307,23150
32308,23150
32309,23150
32310,23150
32332,23158
32333,23158
32366,23167
32367,23167
32388,23172
32389,23172
32390,23172
32391,23172
32394,23174
32395,23174
32396,23174
32397,23174
32398,23174
32399,23174
32400,23174
32401,23174
32402,23174
32403,23174
32404,23174
32405,23174
32406,23174
32407,23174
32408,23174
32409,23174
32442,23185
32443,23185
32558,23217
32559,23217
32560,23217
32561,23217
32562,23217
32563,23217
32564,23217
32565,23217
32572,23221
32573,23221
32574,23221
32575,23221
32582,23223
32583,23223
32594,23229
32595,23229
32596,23229
32597,23229
32610,23234
32611,23234
32614,23236
32615,23236
32616,23236
32617,23236
32618,23237
32619,23237
32632,23241
32633,23241
32642,23244
32643,23244
32662,23251
32663,23251
32664,23251
32665,23251
32686,23259
32687,23259
32688,23259
32689,23259
32690,23260
32691,23260
32692,23260
32693,23260
32694,23261
32695,23261
32696,23261
32697,23261
32720,23267
32721,23267
32722,23267
32723,23267
32724,23267
32725,23267
32726,23267
32727,23267
32844,23296
32845,23296
32961,23320
32962,23320
32963,23320
32964,23320
33139,23357
33140,23357
33141,23357
33142,23357
33143,23357
33144,23357
33335,23398
33336,23398
33337,23399
33338,23399
33339,23399
33340,23399
33341,23399
33342,23399
33343,23399
33344,23399
33345,23399
33346,23399
33347,23399
33348,23399
33357,23402
33358,23402
33359,23403
33360,23403
33361,23403
33362,23403
33405,23418
33406,23418
33407,23418
33408,23418
33441,23432
33442,23432
33443,23432
33448,23434
33449,23434
33450,23434
33451,23434
33466,23438
33467,23438
33531,23457
33532,23457
33581,23469
33582,23469
33609,23474
33610,23474
33611,23474
33612,23474
33629,23479
33630,23479
33663,23488
33664,23488
33755,23516
33756,23516
33769,23521
33770,23521
33791,23530
33792,23530
33793,23530
33794,23530
33799,23532
33800,23532
33801,23533
33802,23533
33803,23533
33804,23533
33805,23533
33806,23533
33807,23533
33808,23533
33809,23533
33810,23533
33811,23533
33812,23533
33813,23533
33814,23533
33815,23533
33816,23533
33817,23533
33818,23533
33819,23533
33820,23533
33821,23533
33822,23533
33823,23533
33824,23533
33871,23543
33872,23543
33881,23547
33882,23547
33883,23547
33884,23547
33885,23547
33886,23547
33887,23547
33888,23547
33889,23547
33890,23547
33891,23547
33892,23547
33925,23559
33926,23559
33927,23559
33928,23559
33929,23560
33930,23560
33931,23560
33932,23560
33933,23560
33934,23560
33935,23560
33936,23560
33945,23565
33946,23565
33969,23573
33970,23573
33971,23573
33972,23573
33973,23573
33974,23573
33975,23573
33976,23573
34062,23595
34063,23595
34078,23599
34079,23599
34104,23610
34105,23610
34118,23613
34119,23613
34146,23625
34147,23625
34218,23644
34219,23644
34220,23644
34221,23644
34248,23654
34249,23654
34250,23654
34251,23654
34252,23654
34253,23654
34254,23654
34255,23654
34256,23654
34257,23654
34258,23654
34259,23654
34260,23654
34261,23654
34262,23654
34263,23654
34344,23677
34345,23677
34390,23683
34391,23683
34450,23701
34451,23701
34452,23702
34453,23702
34454,23702
34455,23702
34516,23725
34517,23725
34552,23733
34553,23733
34554,23733
34555,23733
34564,23738
34565,23738
34566,23738
34567,23738
34568,23738
34569,23738
34570,23738
34571,23738
34572,23738
34573,23738
34574,23738
34575,23738
34717,23769
34718,23769
34749,23776
34750,23776
34751,23776
34752,23776
34813,23792
34814,23792
34815,23792
34816,23792
34891,23812
34892,23812
34915,23819
34916,23819
34917,23819
34918,23819
34919,23819
34920,23819
35036,23854
35037,23854
35118,23877
35119,23877
35120,23877
35121,23877
35134,23883
35135,23883
35156,23892
35157,23892
35220,23909
35221,23909
35232,23913
35233,23913
35234,23913
35235,23913
35270,23923
35271,23923
35272,23923
35273,23923
35308,23935
35309,23935
35355,23947
35356,23947
35357,23947
35358,23947
35359,23948
35360,23948
35361,23948
35362,23948
35363,23949
35364,23949
35365,23949
35366,23949
35367,23950
35368,23950
35369,23950
35370,23950
35407,23960
35408,23960
35409,23960
35410,23960
35411,23960
35412,23960
35413,23960
35414,23960
35415,23960
35416,23960
35417,23960
35418,23960
35462,23978
35463,23978
35464,23978
35465,23978
35466,23978
35467,23978
35468,23978
35469,23978
35470,23978
35471,23978
35472,23978
35473,23978
35482,23980
35483,23980
35484,23980
35485,23980
35486,23980
35487,23980
35488,23980
35489,23980
35595,24009
35596,24009
35597,24009
35598,24009
35832,24063
35833,24063
35836,24065
35837,24065
35838,24065
35839,24065
35840,24066
35841,24066
35842,24066
35843,24066
35844,24066
35845,24066
36038,24112
36039,24112
36040,24112
36041,24112
36071,24122
36072,24122
36118,24137
36119,24137
36120,24138
36121,24138
36122,24138
36123,24138
36124,24139
36125,24139
36193,24159
36194,24159
36203,24163
36204,24163
36227,24169
36228,24169
36259,24179
36260,24179
36261,24179
36262,24179
36269,24182
36270,24182
36271,24182
36272,24182
36299,24190
36300,24190
36319,24198
36320,24198
36321,24198
36322,24198
36341,24208
36342,24208
36343,24209
36344,24209
36363,24214
36364,24214
36365,24214
36366,24214
36379,24216
36380,24216
36381,24216
36382,24216
36383,24216
36384,24216
36471,24242
36472,24242
36473,24242
36474,24242
36475,24242
36476,24242
36477,24242
36478,24242
36489,24247
36490,24247
36491,24247
36492,24247
36533,24258
36534,24258
36535,24258
36536,24258
36537,24258
36538,24258
36539,24258
36540,24258
36541,24258
36542,24258
36543,24258
36544,24258
36555,24263
36556,24263
36557,24263
36558,24263
36595,24274
36596,24274
36597,24274
36598,24274
36605,24278
36606,24278
36607,24278
36608,24278
36609,24278
36610,24278
36611,24278
36612,24278
36613,24278
36614,24278
36615,24278
36616,24278
36708,24298
36709,24298
36716,24300
36717,24300
36718,24300
36719,24300
36722,24302
36723,24302
36724,24302
36725,24302
36726,24302
36727,24302
36863,24328
36864,24328
36865,24328
36866,24328
36877,24334
36878,24334
36879,24334
36880,24334
36949,24354
36950,24354
36951,24354
36952,24354
36953,24354
36954,24354
36955,24354
36956,24354
36957,24354
36958,24354
36959,24354
36960,24354
36967,24357
36968,24357
36969,24357
36970,24357
36975,24359
36976,24359
36977,24359
36978,24359
37009,24368
37010,24368
37011,24368
37012,24368
37015,24370
37016,24370
37017,24370
37018,24370
37023,24373
37024,24373
37084,24379
37085,24379
37086,24380
37087,24380
37088,24381
37089,24381
37090,24381
37160,24408
37161,24408
37214,24424
37215,24424
37216,24424
37217,24424
37366,24459
37367,24459
37368,24459
37369,24459
37404,24463
37405,24463
37406,24463
37407,24463
37408,24463
37409,24463
37410,24463
37411,24463
37412,24463
37413,24463
37414,24463
37415,24463
37416,24463
37417,24463
37418,24463
37419,24463
37420,24463
37421,24463
37422,24463
37423,24463
37424,24463
37425,24463
37426,24463
37427,24463
37428,24463
37429,24463
37528,24494
37529,24494
37530,24494
37531,24494
37532,24494
37533,24494
37534,24494
37535,24494
37536,24494
37537,24494
37562,24497
37563,24497
37564,24497
37565,24497
37582,24504
37583,24504
37584,24504
37585,24504
37586,24504
37587,24504
37588,24504
37589,24504
37590,24504
37591,24504
37592,24504
37593,24504
37594,24504
37595,24504
37596,24504
37597,24504
37614,24510
37615,24510
37628,24515
37629,24515
37634,24517
37635,24517
37640,24520
37641,24520
37642,24520
37643,24520
37644,24521
37645,24521
37646,24521
37647,24521
37648,24522
37649,24522
37650,24522
37651,24522
37652,24522
37653,24522
37654,24522
37655,24522
37656,24523
37657,24523
37825,24574
37826,24574
37845,24577
37846,24577
37847,24577
37848,24577
37905,24594
37906,24594
37959,24611
37960,24611
37961,24611
37962,24611
38049,24635
38050,24635
38051,24635
38052,24635
38100,24654
38101,24654
38102,24654
38103,24654
38104,24655
38105,24655
38106,24655
38107,24655
38108,24655
38109,24655
38110,24655
38111,24655
38158,24664
38159,24664
38160,24664
38161,24664
38200,24676
38201,24676
38202,24676
38203,24676
38214,24681
38215,24681
38216,24681
38217,24681
38218,24681
38219,24681
38220,24681
38221,24681
38241,24689
38242,24689
38243,24689
38244,24689
38247,24691
38248,24691
38388,24729
38389,24729
38390,24729
38391,24729
38392,24729
38393,24729
38394,24729
38395,24729
38396,24729
38397,24729
38398,24729
38399,24729
38400,24729
38401,24729
38402,24729
38403,24729
38404,24729
38405,24729
38406,24729
38407,24729
38410,24731
38411,24731
38418,24735
38419,24735
38576,24777
38577,24777
38578,24777
38579,24777
38580,24778
38581,24778
38582,24778
38583,24778
38588,24781
38589,24781
38602,24784
38603,24784
38620,24790
38621,24790
38622,24790
38623,24790
38776,24842
38777,24842
38778,24842
38815,24854
38816,24854
38817,24854
38818,24854
38819,24854
38820,24854
38821,24854
38822,24854
38823,24854
38824,24854
38825,24854
38826,24854
38835,24859
38836,24859
38875,24872
38876,24872
38901,24876
38902,24876
38949,24887
38950,24887
39020,24907
39021,24907
39022,24907
39023,24907
39038,24914
39039,24914
39040,24914
39041,24914
39042,24914
39043,24914
39044,24914
39045,24914
39046,24914
39047,24914
39048,24914
39049,24914
39050,24914
39051,24914
39052,24914
39053,24914
39054,24914
39055,24914
39072,24917
39073,24917
39074,24917
39075,24917
39104,24928
39105,24928
39106,24928
39107,24928
39108,24929
39109,24929
39110,24929
39111,24929
39112,24929
39113,24929
39114,24929
39115,24929
39116,24929
39117,24929
39118,24929
39119,24929
39144,24934
39145,24934
39178,24944
39179,24944
39224,24959
39225,24959
39226,24959
39227,24959
39397,25005
39398,25005
39449,25021
39450,25021
39451,25021
39452,25021
39485,25030
39486,25030
39487,25030
39488,25030
39535,25049
39536,25049
39549,25053
39550,25053
39557,25057
39558,25057
39559,25057
39560,25057
39608,25073
39609,25073
39648,25085
39649,25085
39662,25090
39663,25090
39664,25090
39665,25090
39680,25096
39681,25096
39766,25126
39767,25126
39768,25126
39769,25126
39770,25126
39771,25126
39772,25126
39773,25126
39774,25126
39775,25126
39776,25126
39777,25126
39780,25128
39781,25128
39782,25128
39783,25128
39899,25156
39900,25156
39901,25156
39902,25156
39915,25162
39916,25162
39985,25176
39986,25176
39989,25178
39990,25178
39991,25178
39992,25178
39997,25181
39998,25181
39999,25181
40000,25181
40001,25181
40002,25181
40003,25181
40004,25181
40061,25202
40062,25202
40063,25202
40064,25202
40065,25202
40066,25202
40067,25202
40068,25202
40069,25202
40070,25202
40071,25202
40072,25202
40089,25204
40090,25204
40091,25204
40092,25204
40093,25205
40094,25205
40095,25205
40096,25205
40097,25205
40098,25205
40099,25205
40100,25205
40111,25210
40112,25210
40161,25215
40162,25215
40163,25215
40164,25215
40219,25225
40220,25225
40221,25226
40222,25226
40223,25226
40224,25226
40267,25239
40268,25239
40269,25239
40270,25239
40275,25241
40276,25241
40277,25241
40278,25241
40299,25249
40300,25249
40301,25249
40302,25249
40323,25257
40324,25257
40365,25273
40366,25273
40367,25273
40368,25273
40383,25276
40384,25276
40395,25282
40396,25282
40435,25292
40436,25292
40437,25292
40438,25292
40457,25299
40458,25299
40476,25306
40477,25306
40521,25322
40522,25322
40523,25322
40524,25322
40525,25322
40526,25322
40527,25322
40528,25322
40529,25322
40530,25322
40545,25330
40546,25330
40547,25330
40548,25330
40549,25330
40550,25330
40551,25330
40552,25330
40624,25344
40625,25344
40658,25354
40659,25354
40699,25370
40700,25370
40701,25371
40702,25371
40739,25380
40740,25380
40749,25385
40750,25385
40751,25385
40752,25385
40777,25394
40778,25394
40779,25394
40788,25398
40789,25398
40797,25401
40798,25401
40803,25404
40804,25404
40821,25410
40822,25410
40823,25410
40824,25410
40841,25416
40842,25416
40905,25433
40906,25433
40968,25451
40969,25451
40970,25451
40971,25451
40972,25451
40973,25451
40974,25451
40975,25451
40976,25451
40977,25451
40978,25451
40979,25451
40980,25451
40981,25451
40982,25451
40983,25451
41086,25484
41087,25484
41088,25484
41089,25484
41106,25489
41107,25489
41112,25492
41113,25492
41116,25494
41117,25494
41118,25494
41119,25494
41120,25494
41121,25494
41122,25494
41123,25494
41124,25494
41125,25494
41126,25494
41127,25494
41140,25498
41141,25498
41156,25501
41157,25501
41176,25508
41177,25508
41194,25514
41195,25514
41265,25536
41266,25536
41269,25538
41270,25538
41271,25538
41272,25538
41289,25540
41290,25540
41333,25553
41334,25553
41335,25553
41336,25553
41337,25553
41338,25553
41339,25553
41340,25553
41341,25553
41342,25553
41343,25554
41344,25554
41345,25554
41346,25554
41445,25584
41446,25584
41520,25603
41521,25603
41568,25615
41569,25615
41574,25617
41575,25617
41630,25629
41631,25629
41632,25629
41633,25629
41640,25633
41641,25633
41716,25648
41717,25648
41718,25648
41719,25648
41720,25648
41721,25648
41722,25648
41723,25648
41757,25660
41758,25660
41759,25660
41760,25660
41790,25672
41791,25672
41852,25687
41853,25687
41854,25687
41855,25687
41884,25693
41885,25693
41886,25693
41887,25693
41890,25695
41891,25695
41998,25726
41999,25726
42000,25726
42001,25726
42010,25730
42011,25730
42014,25732
42015,25732
42100,25753
42101,25753
42102,25753
42103,25753
42104,25753
42105,25753
42106,25753
42107,25753
42108,25753
42109,25753
42110,25753
42111,25753
42112,25753
42113,25753
42114,25753
42115,25753
42118,25755
42119,25755
42120,25755
42148,25766
42149,25766
42179,25776
42180,25776
42191,25781
42192,25781
42199,25785
42200,25785
42201,25785
42202,25785
42203,25785
42204,25785
42205,25785
42206,25785
42256,25801
42257,25801
42258,25801
42259,25801
42264,25803
42265,25803
42270,25806
42271,25806
42274,25808
42275,25808
42276,25808
42277,25808
42328,25824
42329,25824
42346,25829
42347,25829
42348,25829
42349,25829
42350,25829
42351,25829
42360,25833
42361,25833
42362,25833
42363,25833
42366,25835
42367,25835
42427,25846
42428,25846
42435,25850
42436,25850
42437,25850
42438,25850
42449,25854
42450,25854
42451,25854
42452,25854
42453,25854
42454,25854
42455,25854
42456,25854
42457,25854
42458,25854
42459,25854
42460,25854
42509,25864
42510,25864
42523,25866
42524,25866
42525,25866
42526,25866
42527,25866
42528,25866
42529,25866
42530,25866
42575,25880
42576,25880
42705,25916
42706,25916
42707,25916
42708,25916
42709,25916
42710,25916
42711,25916
42712,25916
42743,25927
42744,25927
42745,25927
42746,25927
42747,25927
42748,25927
42749,25927
42750,25927
42777,25935
42778,25935
42779,25935
42780,25935
42911,25974
42912,25974
42913,25975
42914,25975
42915,25975
42916,25975
42951,25986
42952,25986
43031,26006
43032,26006
43033,26006
43060,26017
43061,26017
43099,26025
43100,26025
43193,26036
43194,26036
43219,26046
43220,26046
43221,26046
43222,26046
43223,26046
43224,26046
43227,26048
43228,26048
43229,26048
43230,26048
43445,26096
43446,26096
43447,26096
43448,26096
43473,26103
43474,26103
43475,26103
43476,26103
43485,26107
43486,26107
43487,26107
43488,26107
43507,26114
43508,26114
43509,26114
43510,26114
43532,26123
43533,26123
43534,26123
43535,26123
43536,26123
43537,26123
43538,26123
43539,26123
43558,26129
43559,26129
43560,26129
43561,26129
43688,26151
43689,26151
43690,26151
43691,26151
43692,26152
43693,26152
43729,26166
43730,26166
43731,26166
43732,26166
43733,26167
43734,26167
43735,26167
43736,26167
43799,26178
43800,26178
43801,26178
43802,26178
43803,26178
43804,26178
43805,26178
43806,26178
43822,26184
43823,26184
43868,26195
43869,26195
43870,26195
43871,26195
43900,26204
43901,26204
43902,26204
43903,26204
43938,26216
43939,26216
43992,26231
43993,26231
44006,26236
44007,26236
44094,26261
44095,26261
44098,26261
44133,26277
44134,26277
44160,26282
44161,26282
44179,26288
44180,26288
44271,26305
44272,26305
44392,26330
44393,26330
44394,26330
44395,26330
44396,26330
44397,26330
44398,26330
44399,26330
49075,27418
49076,27418
49105,27431
49106,27431
49107,27431
49108,27431
49171,27463
